{
	"name": "PTUMoveMaster",
	"title": "PTU Move Master",
	"description": "A combat automation module for the Foundry PTU system. Gives new combat menues and can apply move damage to targets",
	"authors": ["c4ffeine","GSV A Nest of Kindled Embers"],
	"version": "0.13.2",
	"download": "https://github.com/caffyn/PTUMoveMaster/raw/main/MoveMaster.zip",
	"minimumCoreVersion": "0.8.6",
	"compatibleCoreVersion": "0.8.6",
	"systems": ["ptu"],
	"manifest": "https://raw.githubusercontent.com/caffyn/PTUMoveMaster/main/module.json",
	"styles": [
        "/css/main.css"
    ],
	"esmodules": [
		"index.js",
		"code.js"
	],
	"dependencies": [
        {
            "name": "fxmaster",
            "type": "module"
        },
		{
            "name": "confetti",
            "type": "module"
        },
		{
            "name": "tokenmagic",
            "type": "module"
        }
    ]
}
